id,subsys_name,table_name_l,table_name_p,column_id,column_name_l,column_name_p,data_type,length,precision,null,unique_key,primary_key,default,description
1,"マスタ管理システム","DM表マスタ","DMHYO_MASTER",1,"DMコード","DM_CD","VARCHAR","8"," ","N","Y","1","",""
2,"マスタ管理システム","DM表マスタ","DMHYO_MASTER",2,"講座3桁コード","COURSE_03_KETA_CD","VARCHAR","3"," ","N","N","","",""
3,"マスタ管理システム","DM表マスタ","DMHYO_MASTER",3,"年月（DM）","YM_DM","DATE"," "," ","N","N","","",""
4,"マスタ管理システム","DM表マスタ","DMHYO_MASTER",4,"DM種別","DM_SHUBETSU","VARCHAR","1"," ","N","N","","",""
5,"マスタ管理システム","DM表マスタ","DMHYO_MASTER",5,"追求回数（DM）","TSUIKYU_TIMES_DM","VARCHAR","1"," ","N","N","","",""
6,"マスタ管理システム","DM表マスタ","DMHYO_MASTER",6,"テストキー（DM）","TEST_KEY_DM","VARCHAR","1"," ","N","N","","",""
7,"マスタ管理システム","DM表マスタ","DMHYO_MASTER",7,"媒体ジャンル区分","BAITAI_GENRE_DIV","VARCHAR","2"," ","N","N","","",""
8,"マスタ管理システム","DM表マスタ","DMHYO_MASTER",8,"企画名","KIKAKU_NM","VARCHAR","30"," ","Y","N","","",""
9,"マスタ管理システム","DM表マスタ","DMHYO_MASTER",9,"使用名簿","SHIYO_MEIBO","VARCHAR","30"," ","Y","N","","",""
10,"マスタ管理システム","DM表マスタ","DMHYO_MASTER",10,"テスト名（DM）","TEST_NM_DM","VARCHAR","20"," ","Y","N","","",""
11,"マスタ管理システム","DM表マスタ","DMHYO_MASTER",11,"申込み方法","MOSHIKOMI_HOHO","VARCHAR","4"," ","Y","N","","",""
12,"マスタ管理システム","DM表マスタ","DMHYO_MASTER",12,"テスト本番","TEST_HONBAN","VARCHAR","4"," ","Y","N","","",""
13,"マスタ管理システム","DM表マスタ","DMHYO_MASTER",13,"対象講座","TAISHO_COURSE","VARCHAR","5"," ","Y","N","","",""
14,"マスタ管理システム","DM表マスタ","DMHYO_MASTER",14,"ギフトコード","GIFT_CD","VARCHAR","3"," ","Y","N","","",""
15,"マスタ管理システム","DM表マスタ","DMHYO_MASTER",15,"発送区分","HASSO_DIV","VARCHAR","1"," ","Y","N","","",""
16,"マスタ管理システム","DM表マスタ","DMHYO_MASTER",16,"原稿キー","GENKO_KEY","VARCHAR","4"," ","Y","N","","",""
17,"マスタ管理システム","DM表マスタ","DMHYO_MASTER",17,"予告ハガキ有無","YOKOKU_HAGAKI_UMU","VARCHAR","4"," ","Y","N","","",""
18,"マスタ管理システム","DM表マスタ","DMHYO_MASTER",18,"フォローアップ有無","FUC_UMU","VARCHAR","4"," ","Y","N","","",""
19,"マスタ管理システム","DM表マスタ","DMHYO_MASTER",19,"フォローアップ局出日","FUC_KYOKUDASHI_DAY","DATE"," "," ","Y","N","","",""
20,"マスタ管理システム","DM表マスタ","DMHYO_MASTER",20,"申込み期限","MOSHIKOMI_KIGEN","DATE"," "," ","Y","N","","",""
21,"マスタ管理システム","DM表マスタ","DMHYO_MASTER",21,"パーソナル封入方法","PERSONAL_FUNYU_HOHO","VARCHAR","4"," ","Y","N","","",""
22,"マスタ管理システム","DM表マスタ","DMHYO_MASTER",22,"パーソナル本数","PERSONAL_HONSU","NUMERIC","10","0","Y","N","","",""
23,"マスタ管理システム","DM表マスタ","DMHYO_MASTER",23,"特殊企画","TOKUSHU_KIKAKU","VARCHAR","4"," ","Y","N","","",""
24,"マスタ管理システム","DM表マスタ","DMHYO_MASTER",24,"指定モデルカーブ","SHITEI_MODEL_CURVE","VARCHAR","4"," ","Y","N","","",""
25,"マスタ管理システム","DM表マスタ","DMHYO_MASTER",25,"確定日","KAKUTEI_DAY","DATE"," "," ","Y","N","","",""
26,"マスタ管理システム","DM表マスタ","DMHYO_MASTER",26,"予定局出数","YOTEI_KYOKUDASHI_AMT","NUMERIC","10","0","Y","N","","",""
27,"マスタ管理システム","DM表マスタ","DMHYO_MASTER",27,"予定局出日","YOTEI_KYOKUDASHI_DAY","DATE"," "," ","Y","N","","",""
28,"マスタ管理システム","DM表マスタ","DMHYO_MASTER",28,"局戻数","KYOKUMODORI_AMT","NUMERIC","10","0","Y","N","","",""
29,"マスタ管理システム","DM表マスタ","DMHYO_MASTER",29,"アプローチ数","APPROACH_AMT","NUMERIC","10","0","Y","N","","",""
30,"マスタ管理システム","DM表マスタ","DMHYO_MASTER",30,"確定フラグ","KAKUTEI_FLG","VARCHAR","1"," ","Y","N","","",""
31,"マスタ管理システム","DM表マスタ","DMHYO_MASTER",31,"ギフト区分","GIFT_DIV","VARCHAR","1"," ","Y","N","","",""
32,"マスタ管理システム","DM表マスタ","DMHYO_MASTER",32,"DM形態","DM_KEITAI","VARCHAR","8"," ","Y","N","","",""
33,"マスタ管理システム","DM表マスタ","DMHYO_MASTER",33,"送付種別","SOFU_SHUBETSU","VARCHAR","8"," ","Y","N","","",""
34,"マスタ管理システム","DM表マスタ","DMHYO_MASTER",34,"郵便申込ギフト切替日","YUBIN_GIFT_KIRIKAE_DAY","DATE"," "," ","Y","N","","",""
35,"マスタ管理システム","DM表マスタ","DMHYO_MASTER",35,"切替ギフトコード","KIRIKAE_GIFT_CD","VARCHAR","3"," ","Y","N","","",""
36,"マスタ管理システム","DM表マスタ","DMHYO_MASTER",36,"作成日時","CRT_DATE","TIMESTAMP/DATE"," "," ","N","N","","",""
37,"マスタ管理システム","DM表マスタ","DMHYO_MASTER",37,"作成ユーザID","CRT_USR_ID","VARCHAR","20"," ","N","N","","",""
38,"マスタ管理システム","DM表マスタ","DMHYO_MASTER",38,"更新日時","UPD_DATE","TIMESTAMP/DATE"," "," ","N","N","","",""
39,"マスタ管理システム","DM表マスタ","DMHYO_MASTER",39,"更新ユーザID","UPD_USR_ID","VARCHAR","20"," ","N","N","","",""
40,"マスタ管理システム","DM表マスタ","DMHYO_MASTER",40,"削除フラグ","DEL_FLG","VARCHAR","1"," ","N","N","","",""
41,"マスタ管理システム","DM表マスタ","DMHYO_MASTER",41,"削除日時","DEL_DATE","TIMESTAMP/DATE"," "," ","Y","N","","",""
42,"マスタ管理システム","DM表マスタ","DMHYO_MASTER",42,"削除ユーザID","DEL_USR_ID","VARCHAR","20"," ","Y","N","","",""
43,"マスタ管理システム","DM表明細","DMHYO_MEISAI",1,"DMコード","DM_CD","VARCHAR","8"," ","N","Y","1,FK","",""
44,"マスタ管理システム","DM表明細","DMHYO_MEISAI",2,"講座商品コード","COURSE_SHOHIN_CD","VARCHAR","5"," ","N","Y","2","",""
45,"マスタ管理システム","DM表明細","DMHYO_MEISAI",3,"DM単価","DM_TANKA","NUMERIC","10","0","Y","N","","",""
46,"マスタ管理システム","DM表明細","DMHYO_MEISAI",4,"入金売価","NYUKIN_BAIKA","NUMERIC","14","2","Y","N","","",""
47,"マスタ管理システム","DM表明細","DMHYO_MEISAI",5,"仕入単価","SHIIRE_TANKA","NUMERIC","14","2","Y","N","","",""
48,"マスタ管理システム","DM表明細","DMHYO_MEISAI",6,"ギフト単価","GIFT_TANKA","NUMERIC","14","2","Y","N","","",""
49,"マスタ管理システム","DM表明細","DMHYO_MEISAI",7,"ギフトコード1","GIFT_CD_01","VARCHAR","3"," ","Y","N","","",""
50,"マスタ管理システム","DM表明細","DMHYO_MEISAI",8,"ギフトコード2","GIFT_CD_02","VARCHAR","3"," ","Y","N","","",""
51,"マスタ管理システム","DM表明細","DMHYO_MEISAI",9,"ギフトコード3","GIFT_CD_03","VARCHAR","3"," ","Y","N","","",""
52,"マスタ管理システム","DM表明細","DMHYO_MEISAI",10,"作成日時","CRT_DATE","TIMESTAMP/DATE"," "," ","N","N","","",""
53,"マスタ管理システム","DM表明細","DMHYO_MEISAI",11,"作成ユーザID","CRT_USR_ID","VARCHAR","20"," ","N","N","","",""
54,"マスタ管理システム","DM表明細","DMHYO_MEISAI",12,"更新日時","UPD_DATE","TIMESTAMP/DATE"," "," ","N","N","","",""
55,"マスタ管理システム","DM表明細","DMHYO_MEISAI",13,"更新ユーザID","UPD_USR_ID","VARCHAR","20"," ","N","N","","",""
56,"マスタ管理システム","DM表明細","DMHYO_MEISAI",14,"削除フラグ","DEL_FLG","VARCHAR","1"," ","N","N","","",""
57,"マスタ管理システム","DM表明細","DMHYO_MEISAI",15,"削除日時","DEL_DATE","TIMESTAMP/DATE"," "," ","Y","N","","",""
58,"マスタ管理システム","DM表明細","DMHYO_MEISAI",16,"削除ユーザID","DEL_USR_ID","VARCHAR","20"," ","Y","N","","",""
59,"マスタ管理システム","ギフトマスタ","GIFT_MASTER",1,"ギフトコード","GIFT_CD","VARCHAR","3"," ","N","Y","1","",""
60,"マスタ管理システム","ギフトマスタ","GIFT_MASTER",2,"ギフト名","GIFT_NM","VARCHAR","30"," ","N","N","","",""
61,"マスタ管理システム","ギフトマスタ","GIFT_MASTER",3,"ギフト単価","GIFT_TANKA","NUMERIC","14","2","N","N","","",""
62,"マスタ管理システム","ギフトマスタ","GIFT_MASTER",4,"有効期間管理区分","VALID_KIKAN_KANRI_DIV","VARCHAR","1"," ","N","N","","",""
63,"マスタ管理システム","ギフトマスタ","GIFT_MASTER",5,"社コード","CMPNY_CD","VARCHAR","1"," ","Y","N","","",""
64,"マスタ管理システム","ギフトマスタ","GIFT_MASTER",6,"廃止日","HAISHI_DAY","DATE"," "," ","Y","N","","",""
65,"マスタ管理システム","ギフトマスタ","GIFT_MASTER",7,"作成日時","CRT_DATE","TIMESTAMP/DATE"," "," ","N","N","","",""
66,"マスタ管理システム","ギフトマスタ","GIFT_MASTER",8,"作成ユーザID","CRT_USR_ID","VARCHAR","20"," ","N","N","","",""
67,"マスタ管理システム","ギフトマスタ","GIFT_MASTER",9,"更新日時","UPD_DATE","TIMESTAMP/DATE"," "," ","N","N","","",""
68,"マスタ管理システム","ギフトマスタ","GIFT_MASTER",10,"更新ユーザID","UPD_USR_ID","VARCHAR","20"," ","N","N","","",""
69,"マスタ管理システム","ギフトマスタ","GIFT_MASTER",11,"削除フラグ","DEL_FLG","VARCHAR","1"," ","N","N","","",""
70,"マスタ管理システム","ギフトマスタ","GIFT_MASTER",12,"削除日時","DEL_DATE","TIMESTAMP/DATE"," "," ","Y","N","","",""
71,"マスタ管理システム","ギフトマスタ","GIFT_MASTER",13,"削除ユーザID","DEL_USR_ID","VARCHAR","20"," ","Y","N","","",""
72,"マスタ管理システム","ギフトマスタ履歴","GIFT_HIST",1,"更新日時キー","UPD_DATE_KEY","TIMESTAMP/DATE"," "," ","N","Y","1","",""
73,"マスタ管理システム","ギフトマスタ履歴","GIFT_HIST",2,"ギフトコード","GIFT_CD","VARCHAR","3"," ","N","Y","2","",""
74,"マスタ管理システム","ギフトマスタ履歴","GIFT_HIST",3,"ギフト名","GIFT_NM","VARCHAR","30"," ","N","N","","",""
75,"マスタ管理システム","ギフトマスタ履歴","GIFT_HIST",4,"ギフト単価","GIFT_TANKA","NUMERIC","14","2","N","N","","",""
76,"マスタ管理システム","ギフトマスタ履歴","GIFT_HIST",5,"有効期間管理区分","VALID_KIKAN_KANRI_DIV","VARCHAR","1"," ","N","N","","",""
77,"マスタ管理システム","ギフトマスタ履歴","GIFT_HIST",6,"社コード","CMPNY_CD","VARCHAR","1"," ","Y","N","","",""
78,"マスタ管理システム","ギフトマスタ履歴","GIFT_HIST",7,"廃止日","HAISHI_DAY","DATE"," "," ","Y","N","","",""
79,"マスタ管理システム","ギフトマスタ履歴","GIFT_HIST",8,"登録区分","REG_DIV","VARCHAR","1"," ","N","N","","",""
80,"マスタ管理システム","ギフトマスタ履歴","GIFT_HIST",9,"作成日時","CRT_DATE","TIMESTAMP/DATE"," "," ","N","N","","",""
81,"マスタ管理システム","ギフトマスタ履歴","GIFT_HIST",10,"作成ユーザID","CRT_USR_ID","VARCHAR","20"," ","N","N","","",""
82,"マスタ管理システム","ギフトマスタ履歴","GIFT_HIST",11,"更新日時","UPD_DATE","TIMESTAMP/DATE"," "," ","N","N","","",""
83,"マスタ管理システム","ギフトマスタ履歴","GIFT_HIST",12,"更新ユーザID","UPD_USR_ID","VARCHAR","20"," ","N","N","","",""
84,"マスタ管理システム","ギフトマスタ履歴","GIFT_HIST",13,"削除フラグ","DEL_FLG","VARCHAR","1"," ","N","N","","",""
85,"マスタ管理システム","ギフトマスタ履歴","GIFT_HIST",14,"削除日時","DEL_DATE","TIMESTAMP/DATE"," "," ","Y","N","","",""
86,"マスタ管理システム","ギフトマスタ履歴","GIFT_HIST",15,"削除ユーザID","DEL_USR_ID","VARCHAR","20"," ","Y","N","","",""
87,"マスタ管理システム","ギフト組合せマスタ","GIFT_KUMIAWASE_MASTER",1,"ギフトコード","GIFT_CD","VARCHAR","3"," ","N","Y","1,FK","",""
88,"マスタ管理システム","ギフト組合せマスタ","GIFT_KUMIAWASE_MASTER",2,"組合せ子ギフトコード","KUMIAWASE_KO_GIFT_CD","VARCHAR","3"," ","N","Y","2","",""
89,"マスタ管理システム","ギフト組合せマスタ","GIFT_KUMIAWASE_MASTER",3,"作成日時","CRT_DATE","TIMESTAMP/DATE"," "," ","N","N","","",""
90,"マスタ管理システム","ギフト組合せマスタ","GIFT_KUMIAWASE_MASTER",4,"作成ユーザID","CRT_USR_ID","VARCHAR","20"," ","N","N","","",""
91,"マスタ管理システム","ギフト組合せマスタ","GIFT_KUMIAWASE_MASTER",5,"更新日時","UPD_DATE","TIMESTAMP/DATE"," "," ","N","N","","",""
92,"マスタ管理システム","ギフト組合せマスタ","GIFT_KUMIAWASE_MASTER",6,"更新ユーザID","UPD_USR_ID","VARCHAR","20"," ","N","N","","",""
93,"マスタ管理システム","ギフト組合せマスタ","GIFT_KUMIAWASE_MASTER",7,"削除フラグ","DEL_FLG","VARCHAR","1"," ","N","N","","",""
94,"マスタ管理システム","ギフト組合せマスタ","GIFT_KUMIAWASE_MASTER",8,"削除日時","DEL_DATE","TIMESTAMP/DATE"," "," ","Y","N","","",""
95,"マスタ管理システム","ギフト組合せマスタ","GIFT_KUMIAWASE_MASTER",9,"削除ユーザID","DEL_USR_ID","VARCHAR","20"," ","Y","N","","",""
96,"マスタ管理システム","ギフト組合せマスタ履歴","GIFT_KUMIAWASE_HIST",1,"更新日時キー","UPD_DATE_KEY","TIMESTAMP/DATE"," "," ","N","Y","1","",""
97,"マスタ管理システム","ギフト組合せマスタ履歴","GIFT_KUMIAWASE_HIST",2,"ギフトコード","GIFT_CD","VARCHAR","3"," ","N","Y","2","",""
98,"マスタ管理システム","ギフト組合せマスタ履歴","GIFT_KUMIAWASE_HIST",3,"組合せ子ギフトコード","KUMIAWASE_KO_GIFT_CD","VARCHAR","3"," ","N","Y","3","",""
99,"マスタ管理システム","ギフト組合せマスタ履歴","GIFT_KUMIAWASE_HIST",4,"登録区分","REG_DIV","VARCHAR","1"," ","Y","N","","",""
100,"マスタ管理システム","ギフト組合せマスタ履歴","GIFT_KUMIAWASE_HIST",5,"作成日時","CRT_DATE","TIMESTAMP/DATE"," "," ","N","N","","",""
101,"マスタ管理システム","ギフト組合せマスタ履歴","GIFT_KUMIAWASE_HIST",6,"作成ユーザID","CRT_USR_ID","VARCHAR","20"," ","N","N","","",""
102,"マスタ管理システム","ギフト組合せマスタ履歴","GIFT_KUMIAWASE_HIST",7,"更新日時","UPD_DATE","TIMESTAMP/DATE"," "," ","N","N","","",""
103,"マスタ管理システム","ギフト組合せマスタ履歴","GIFT_KUMIAWASE_HIST",8,"更新ユーザID","UPD_USR_ID","VARCHAR","20"," ","N","N","","",""
104,"マスタ管理システム","ギフト組合せマスタ履歴","GIFT_KUMIAWASE_HIST",9,"削除フラグ","DEL_FLG","VARCHAR","1"," ","N","N","","",""
105,"マスタ管理システム","ギフト組合せマスタ履歴","GIFT_KUMIAWASE_HIST",10,"削除日時","DEL_DATE","TIMESTAMP/DATE"," "," ","Y","N","","",""
106,"マスタ管理システム","ギフト組合せマスタ履歴","GIFT_KUMIAWASE_HIST",11,"削除ユーザID","DEL_USR_ID","VARCHAR","20"," ","Y","N","","",""
107,"マスタ管理システム","サブジャンルマスタ","SUBGENRE_MASTER",1,"サブジャンルコード","SUBGENRE_CD","VARCHAR","3"," ","N","Y","1","",""
108,"マスタ管理システム","サブジャンルマスタ","SUBGENRE_MASTER",2,"サブジャンル名","SUBGENRE_NM","VARCHAR","30"," ","Y","N","","",""
109,"マスタ管理システム","サブジャンルマスタ","SUBGENRE_MASTER",3,"媒体ジャンル区分","BAITAI_GENRE_DIV","VARCHAR","2"," ","Y","N","","",""
110,"マスタ管理システム","サブジャンルマスタ","SUBGENRE_MASTER",4,"作成日時","CRT_DATE","TIMESTAMP/DATE"," "," ","N","N","","",""
111,"マスタ管理システム","サブジャンルマスタ","SUBGENRE_MASTER",5,"作成ユーザID","CRT_USR_ID","VARCHAR","20"," ","N","N","","",""
112,"マスタ管理システム","サブジャンルマスタ","SUBGENRE_MASTER",6,"更新日時","UPD_DATE","TIMESTAMP/DATE"," "," ","N","N","","",""
113,"マスタ管理システム","サブジャンルマスタ","SUBGENRE_MASTER",7,"更新ユーザID","UPD_USR_ID","VARCHAR","20"," ","N","N","","",""
114,"マスタ管理システム","サブジャンルマスタ","SUBGENRE_MASTER",8,"削除フラグ","DEL_FLG","VARCHAR","1"," ","N","N","","",""
115,"マスタ管理システム","サブジャンルマスタ","SUBGENRE_MASTER",9,"削除日時","DEL_DATE","TIMESTAMP/DATE"," "," ","Y","N","","",""
116,"マスタ管理システム","サブジャンルマスタ","SUBGENRE_MASTER",10,"削除ユーザID","DEL_USR_ID","VARCHAR","20"," ","Y","N","","",""
117,"マスタ管理システム","サブジャンルマスタ履歴","SUBGENRE_HIST",1,"更新日時キー","UPD_DATE_KEY","TIMESTAMP/DATE"," "," ","N","Y","1","",""
118,"マスタ管理システム","サブジャンルマスタ履歴","SUBGENRE_HIST",2,"サブジャンルコード","SUBGENRE_CD","VARCHAR","3"," ","N","Y","2","",""
119,"マスタ管理システム","サブジャンルマスタ履歴","SUBGENRE_HIST",3,"サブジャンル名","SUBGENRE_NM","VARCHAR","30"," ","Y","N","","",""
120,"マスタ管理システム","サブジャンルマスタ履歴","SUBGENRE_HIST",4,"媒体ジャンル区分","BAITAI_GENRE_DIV","VARCHAR","2"," ","Y","N","","",""
121,"マスタ管理システム","サブジャンルマスタ履歴","SUBGENRE_HIST",5,"登録区分","REG_DIV","VARCHAR","1"," ","Y","N","","",""
122,"マスタ管理システム","サブジャンルマスタ履歴","SUBGENRE_HIST",6,"作成日時","CRT_DATE","TIMESTAMP/DATE"," "," ","N","N","","",""
123,"マスタ管理システム","サブジャンルマスタ履歴","SUBGENRE_HIST",7,"作成ユーザID","CRT_USR_ID","VARCHAR","20"," ","N","N","","",""
124,"マスタ管理システム","サブジャンルマスタ履歴","SUBGENRE_HIST",8,"更新日時","UPD_DATE","TIMESTAMP/DATE"," "," ","N","N","","",""
125,"マスタ管理システム","サブジャンルマスタ履歴","SUBGENRE_HIST",9,"更新ユーザID","UPD_USR_ID","VARCHAR","20"," ","N","N","","",""
126,"マスタ管理システム","サブジャンルマスタ履歴","SUBGENRE_HIST",10,"削除フラグ","DEL_FLG","VARCHAR","1"," ","N","N","","",""
127,"マスタ管理システム","サブジャンルマスタ履歴","SUBGENRE_HIST",11,"削除日時","DEL_DATE","TIMESTAMP/DATE"," "," ","Y","N","","",""
128,"マスタ管理システム","サブジャンルマスタ履歴","SUBGENRE_HIST",12,"削除ユーザID","DEL_USR_ID","VARCHAR","20"," ","Y","N","","",""
129,"マスタ管理システム","モデルカーブコード管理","MODEL_CURVE_CD_KANRI",1,"先頭コード","HEAD_CD","VARCHAR","1"," ","N","Y","1","",""
130,"マスタ管理システム","モデルカーブコード管理","MODEL_CURVE_CD_KANRI",2,"連番（モデルカーブ）","RENBAN_MODEL_CURVE","NUMERIC","3","0","N","Y","2","",""
131,"マスタ管理システム","モデルカーブコード管理","MODEL_CURVE_CD_KANRI",3,"作成日時","CRT_DATE","TIMESTAMP/DATE"," "," ","N","N","","",""
132,"マスタ管理システム","モデルカーブコード管理","MODEL_CURVE_CD_KANRI",4,"作成ユーザID","CRT_USR_ID","VARCHAR","20"," ","N","N","","",""
133,"マスタ管理システム","モデルカーブコード管理","MODEL_CURVE_CD_KANRI",5,"更新日時","UPD_DATE","TIMESTAMP/DATE"," "," ","N","N","","",""
134,"マスタ管理システム","モデルカーブコード管理","MODEL_CURVE_CD_KANRI",6,"更新ユーザID","UPD_USR_ID","VARCHAR","20"," ","N","N","","",""
135,"マスタ管理システム","モデルカーブコード管理","MODEL_CURVE_CD_KANRI",7,"削除フラグ","DEL_FLG","VARCHAR","1"," ","N","N","","",""
136,"マスタ管理システム","モデルカーブコード管理","MODEL_CURVE_CD_KANRI",8,"削除日時","DEL_DATE","TIMESTAMP/DATE"," "," ","Y","N","","",""
137,"マスタ管理システム","モデルカーブコード管理","MODEL_CURVE_CD_KANRI",9,"削除ユーザID","DEL_USR_ID","VARCHAR","20"," ","Y","N","","",""
138,"マスタ管理システム","モデルカーブマスタ","MODEL_CURVE_MASTER",1,"モデルカーブコード","MODEL_CURVE_CD","VARCHAR","4"," ","N","Y","1","",""
139,"マスタ管理システム","モデルカーブマスタ","MODEL_CURVE_MASTER",2,"モデルカーブ名","MODEL_CURVE_NM","VARCHAR","50"," ","N","N","","",""
140,"マスタ管理システム","モデルカーブマスタ","MODEL_CURVE_MASTER",3,"コメント（モデルカーブ）","MODEL_CURVE_COMMENT","VARCHAR","100"," ","Y","N","","",""
141,"マスタ管理システム","モデルカーブマスタ","MODEL_CURVE_MASTER",4,"統計日数","TOKEI_NISSU","NUMERIC","10","0","N","N","","",""
142,"マスタ管理システム","モデルカーブマスタ","MODEL_CURVE_MASTER",5,"作成日時","CRT_DATE","TIMESTAMP/DATE"," "," ","N","N","","",""
143,"マスタ管理システム","モデルカーブマスタ","MODEL_CURVE_MASTER",6,"作成ユーザID","CRT_USR_ID","VARCHAR","20"," ","N","N","","",""
144,"マスタ管理システム","モデルカーブマスタ","MODEL_CURVE_MASTER",7,"更新日時","UPD_DATE","TIMESTAMP/DATE"," "," ","N","N","","",""
145,"マスタ管理システム","モデルカーブマスタ","MODEL_CURVE_MASTER",8,"更新ユーザID","UPD_USR_ID","VARCHAR","20"," ","N","N","","",""
146,"マスタ管理システム","モデルカーブマスタ","MODEL_CURVE_MASTER",9,"削除フラグ","DEL_FLG","VARCHAR","1"," ","N","N","","",""
147,"マスタ管理システム","モデルカーブマスタ","MODEL_CURVE_MASTER",10,"削除日時","DEL_DATE","TIMESTAMP/DATE"," "," ","Y","N","","",""
148,"マスタ管理システム","モデルカーブマスタ","MODEL_CURVE_MASTER",11,"削除ユーザID","DEL_USR_ID","VARCHAR","20"," ","Y","N","","",""
149,"マスタ管理システム","モデルカーブ明細","MODEL_CURVE_MEISAI",1,"モデルカーブコード","MODEL_CURVE_CD","VARCHAR","4"," ","N","Y","1,FK","",""
150,"マスタ管理システム","モデルカーブ明細","MODEL_CURVE_MEISAI",2,"経過日","KEIKA_DAY","NUMERIC","10","0","N","Y","2","",""
151,"マスタ管理システム","モデルカーブ明細","MODEL_CURVE_MEISAI",3,"リスト数","LIST_AMT","NUMERIC","14","2","Y","N","","",""
152,"マスタ管理システム","モデルカーブ明細","MODEL_CURVE_MEISAI",4,"オーダー数","ORDER_AMT","NUMERIC","14","2","Y","N","","",""
153,"マスタ管理システム","モデルカーブ明細","MODEL_CURVE_MEISAI",5,"リスト誤差率","LIST_GOSA_RATE","NUMERIC","14","4","Y","N","","",""
154,"マスタ管理システム","モデルカーブ明細","MODEL_CURVE_MEISAI",6,"オーダー誤差率","ORDER_GOSA_RATE","NUMERIC","14","4","Y","N","","",""
155,"マスタ管理システム","モデルカーブ明細","MODEL_CURVE_MEISAI",7,"リスト数累計","LIST_AMT_RUIKEI","NUMERIC","14","2","Y","N","","",""
156,"マスタ管理システム","モデルカーブ明細","MODEL_CURVE_MEISAI",8,"オーダー数累計","ORDER_AMT_RUIKEI","NUMERIC","14","2","Y","N","","",""
157,"マスタ管理システム","モデルカーブ明細","MODEL_CURVE_MEISAI",9,"作成日時","CRT_DATE","TIMESTAMP/DATE"," "," ","N","N","","",""
158,"マスタ管理システム","モデルカーブ明細","MODEL_CURVE_MEISAI",10,"作成ユーザID","CRT_USR_ID","VARCHAR","20"," ","N","N","","",""
159,"マスタ管理システム","モデルカーブ明細","MODEL_CURVE_MEISAI",11,"更新日時","UPD_DATE","TIMESTAMP/DATE"," "," ","N","N","","",""
160,"マスタ管理システム","モデルカーブ明細","MODEL_CURVE_MEISAI",12,"更新ユーザID","UPD_USR_ID","VARCHAR","20"," ","N","N","","",""
161,"マスタ管理システム","モデルカーブ明細","MODEL_CURVE_MEISAI",13,"削除フラグ","DEL_FLG","VARCHAR","1"," ","N","N","","",""
162,"マスタ管理システム","モデルカーブ明細","MODEL_CURVE_MEISAI",14,"削除日時","DEL_DATE","TIMESTAMP/DATE"," "," ","Y","N","","",""
163,"マスタ管理システム","モデルカーブ明細","MODEL_CURVE_MEISAI",15,"削除ユーザID","DEL_USR_ID","VARCHAR","20"," ","Y","N","","",""
164,"マスタ管理システム","社グループマスタ","SHA_GROUP_MASTER",1,"社グループコード","SHA_GROUP_CD","VARCHAR","2"," ","N","Y","1","",""
165,"マスタ管理システム","社グループマスタ","SHA_GROUP_MASTER",2,"社グループ名","SHA_GROUP_NM","VARCHAR","30"," ","N","N","","",""
166,"マスタ管理システム","社グループマスタ","SHA_GROUP_MASTER",3,"部門コード","BUMON_CD","VARCHAR","1"," ","N","N","","",""
167,"マスタ管理システム","社グループマスタ","SHA_GROUP_MASTER",4,"法人区分","HOJIN_DIV","VARCHAR","1"," ","N","N","","",""
168,"マスタ管理システム","社グループマスタ","SHA_GROUP_MASTER",5,"外部入力判別区分","GAIBU_NYURYOKU_HANBETSU_DIV","VARCHAR","1"," ","N","N","","",""
169,"マスタ管理システム","社グループマスタ","SHA_GROUP_MASTER",6,"媒体ジャンル区分","BAITAI_GENRE_DIV","VARCHAR","2"," ","Y","N","","",""
170,"マスタ管理システム","社グループマスタ","SHA_GROUP_MASTER",7,"作成日時","CRT_DATE","TIMESTAMP/DATE"," "," ","N","N","","",""
171,"マスタ管理システム","社グループマスタ","SHA_GROUP_MASTER",8,"作成ユーザID","CRT_USR_ID","VARCHAR","20"," ","N","N","","",""
172,"マスタ管理システム","社グループマスタ","SHA_GROUP_MASTER",9,"更新日時","UPD_DATE","TIMESTAMP/DATE"," "," ","N","N","","",""
173,"マスタ管理システム","社グループマスタ","SHA_GROUP_MASTER",10,"更新ユーザID","UPD_USR_ID","VARCHAR","20"," ","N","N","","",""
174,"マスタ管理システム","社グループマスタ","SHA_GROUP_MASTER",11,"削除フラグ","DEL_FLG","VARCHAR","1"," ","N","N","","",""
175,"マスタ管理システム","社グループマスタ","SHA_GROUP_MASTER",12,"削除日時","DEL_DATE","TIMESTAMP/DATE"," "," ","Y","N","","",""
176,"マスタ管理システム","社グループマスタ","SHA_GROUP_MASTER",13,"削除ユーザID","DEL_USR_ID","VARCHAR","20"," ","Y","N","","",""
177,"マスタ管理システム","社グループマスタ履歴","SHA_GROUP_HIST",1,"更新日時キー","UPD_DATE_KEY","TIMESTAMP/DATE"," "," ","N","Y","1","",""
178,"マスタ管理システム","社グループマスタ履歴","SHA_GROUP_HIST",2,"社グループコード","SHA_GROUP_CD","VARCHAR","2"," ","N","Y","2","",""
179,"マスタ管理システム","社グループマスタ履歴","SHA_GROUP_HIST",3,"社グループ名","SHA_GROUP_NM","VARCHAR","30"," ","N","N","","",""
180,"マスタ管理システム","社グループマスタ履歴","SHA_GROUP_HIST",4,"部門コード","BUMON_CD","VARCHAR","1"," ","N","N","","",""
181,"マスタ管理システム","社グループマスタ履歴","SHA_GROUP_HIST",5,"法人区分","HOJIN_DIV","VARCHAR","1"," ","N","N","","",""
182,"マスタ管理システム","社グループマスタ履歴","SHA_GROUP_HIST",6,"外部入力判別区分","GAIBU_NYURYOKU_HANBETSU_DIV","VARCHAR","1"," ","N","N","","",""
183,"マスタ管理システム","社グループマスタ履歴","SHA_GROUP_HIST",7,"媒体ジャンル区分","BAITAI_GENRE_DIV","VARCHAR","2"," ","Y","N","","",""
184,"マスタ管理システム","社グループマスタ履歴","SHA_GROUP_HIST",8,"登録区分","REG_DIV","VARCHAR","1"," ","N","N","","",""
185,"マスタ管理システム","社グループマスタ履歴","SHA_GROUP_HIST",9,"作成日時","CRT_DATE","TIMESTAMP/DATE"," "," ","N","N","","",""
186,"マスタ管理システム","社グループマスタ履歴","SHA_GROUP_HIST",10,"作成ユーザID","CRT_USR_ID","VARCHAR","20"," ","N","N","","",""
187,"マスタ管理システム","社グループマスタ履歴","SHA_GROUP_HIST",11,"更新日時","UPD_DATE","TIMESTAMP/DATE"," "," ","N","N","","",""
188,"マスタ管理システム","社グループマスタ履歴","SHA_GROUP_HIST",12,"更新ユーザID","UPD_USR_ID","VARCHAR","20"," ","N","N","","",""
189,"マスタ管理システム","社グループマスタ履歴","SHA_GROUP_HIST",13,"削除フラグ","DEL_FLG","VARCHAR","1"," ","N","N","","",""
190,"マスタ管理システム","社グループマスタ履歴","SHA_GROUP_HIST",14,"削除日時","DEL_DATE","TIMESTAMP/DATE"," "," ","Y","N","","",""
191,"マスタ管理システム","社グループマスタ履歴","SHA_GROUP_HIST",15,"削除ユーザID","DEL_USR_ID","VARCHAR","20"," ","Y","N","","",""
192,"マスタ管理システム","社マスタ","SHA_MASTER",1,"社コード","CMPNY_CD","VARCHAR","1"," ","N","Y","1","",""
193,"マスタ管理システム","社マスタ","SHA_MASTER",2,"社名（統計）","SHA_NM_TOKEI","VARCHAR","30"," ","N","N","","",""
194,"マスタ管理システム","社マスタ","SHA_MASTER",3,"社グループコード","SHA_GROUP_CD","VARCHAR","2"," ","N","N","","",""
195,"マスタ管理システム","社マスタ","SHA_MASTER",4,"社名（基幹）","SHA_NM_KIKAN","VARCHAR","15"," ","Y","N","","",""
196,"マスタ管理システム","社マスタ","SHA_MASTER",5,"社_郵便番号","SHA_YUBIN_NUM","VARCHAR","7"," ","Y","N","","",""
197,"マスタ管理システム","社マスタ","SHA_MASTER",6,"社_住所","SHA_ADDRESS","VARCHAR","20"," ","Y","N","","",""
198,"マスタ管理システム","社マスタ","SHA_MASTER",7,"社_電話番号","SHA_TEL","VARCHAR","14"," ","Y","N","","",""
199,"マスタ管理システム","社マスタ","SHA_MASTER",8,"私書箱郵便番号","POBOX_YUBIN_NUM","VARCHAR","7"," ","Y","N","","",""
200,"マスタ管理システム","社マスタ","SHA_MASTER",9,"私書箱","POBOX","VARCHAR","20"," ","Y","N","","",""
201,"マスタ管理システム","社マスタ","SHA_MASTER",10,"郵便口座番号（所管庁コード）","YUBIN_ACCOUNT_NUM_SHOKANTYO_CD","VARCHAR","5"," ","Y","N","","",""
202,"マスタ管理システム","社マスタ","SHA_MASTER",11,"郵便口座番号（CD）","YUBIN_ACCOUNT_NUM_CD","VARCHAR","1"," ","Y","N","","",""
203,"マスタ管理システム","社マスタ","SHA_MASTER",12,"郵便口座番号（番号）","YUBIN_ACCOUNT_NUM_NUM","VARCHAR","8"," ","Y","N","","",""
204,"マスタ管理システム","社マスタ","SHA_MASTER",13,"CVS収納企業コード（お客様負担）","CVS_SYUNO_KIGYO_CD_CUSTM_FUTAN","VARCHAR","5"," ","Y","N","","",""
205,"マスタ管理システム","社マスタ","SHA_MASTER",14,"CVS収納企業コード（企業負担）","CVS_SYUNO_KIGYO_CD_KIGYO_FUTAN","VARCHAR","5"," ","Y","N","","",""
206,"マスタ管理システム","社マスタ","SHA_MASTER",15,"作成日時","CRT_DATE","TIMESTAMP/DATE"," "," ","N","N","","",""
207,"マスタ管理システム","社マスタ","SHA_MASTER",16,"作成ユーザID","CRT_USR_ID","VARCHAR","20"," ","N","N","","",""
208,"マスタ管理システム","社マスタ","SHA_MASTER",17,"更新日時","UPD_DATE","TIMESTAMP/DATE"," "," ","N","N","","",""
209,"マスタ管理システム","社マスタ","SHA_MASTER",18,"更新ユーザID","UPD_USR_ID","VARCHAR","20"," ","N","N","","",""
210,"マスタ管理システム","社マスタ","SHA_MASTER",19,"削除フラグ","DEL_FLG","VARCHAR","1"," ","N","N","","",""
211,"マスタ管理システム","社マスタ","SHA_MASTER",20,"削除日時","DEL_DATE","TIMESTAMP/DATE"," "," ","Y","N","","",""
212,"マスタ管理システム","社マスタ","SHA_MASTER",21,"削除ユーザID","DEL_USR_ID","VARCHAR","20"," ","Y","N","","",""
213,"マスタ管理システム","社マスタ履歴","SHA_HIST",1,"更新日時キー","UPD_DATE_KEY","TIMESTAMP/DATE"," "," ","N","Y","1","",""
214,"マスタ管理システム","社マスタ履歴","SHA_HIST",2,"社コード","CMPNY_CD","VARCHAR","1"," ","N","Y","2","",""
215,"マスタ管理システム","社マスタ履歴","SHA_HIST",3,"社名（統計）","SHA_NM_TOKEI","VARCHAR","30"," ","N","N","","",""
216,"マスタ管理システム","社マスタ履歴","SHA_HIST",4,"社グループコード","SHA_GROUP_CD","VARCHAR","2"," ","N","N","","",""
217,"マスタ管理システム","社マスタ履歴","SHA_HIST",5,"社名（基幹）","SHA_NM_KIKAN","VARCHAR","15"," ","Y","N","","",""
218,"マスタ管理システム","社マスタ履歴","SHA_HIST",6,"社_郵便番号","SHA_YUBIN_NUM","VARCHAR","7"," ","Y","N","","",""
219,"マスタ管理システム","社マスタ履歴","SHA_HIST",7,"社_住所","SHA_ADDRESS","VARCHAR","20"," ","Y","N","","",""
220,"マスタ管理システム","社マスタ履歴","SHA_HIST",8,"社_電話番号","SHA_TEL","VARCHAR","14"," ","Y","N","","",""
221,"マスタ管理システム","社マスタ履歴","SHA_HIST",9,"私書箱郵便番号","POBOX_YUBIN_NUM","VARCHAR","7"," ","Y","N","","",""
222,"マスタ管理システム","社マスタ履歴","SHA_HIST",10,"私書箱","POBOX","VARCHAR","20"," ","Y","N","","",""
223,"マスタ管理システム","社マスタ履歴","SHA_HIST",11,"郵便口座番号（所管庁コード）","YUBIN_ACCOUNT_NUM_SHOKANTYO_CD","VARCHAR","5"," ","Y","N","","",""
224,"マスタ管理システム","社マスタ履歴","SHA_HIST",12,"郵便口座番号（CD）","YUBIN_ACCOUNT_NUM_CD","VARCHAR","1"," ","Y","N","","",""
225,"マスタ管理システム","社マスタ履歴","SHA_HIST",13,"郵便口座番号（番号）","YUBIN_ACCOUNT_NUM_NUM","VARCHAR","8"," ","Y","N","","",""
226,"マスタ管理システム","社マスタ履歴","SHA_HIST",14,"CVS収納企業コード（お客様負担）","CVS_SYUNO_KIGYO_CD_CUSTM_FUTAN","VARCHAR","5"," ","Y","N","","",""
227,"マスタ管理システム","社マスタ履歴","SHA_HIST",15,"CVS収納企業コード（企業負担）","CVS_SYUNO_KIGYO_CD_KIGYO_FUTAN","VARCHAR","5"," ","Y","N","","",""
228,"マスタ管理システム","社マスタ履歴","SHA_HIST",16,"登録区分","REG_DIV","VARCHAR","1"," ","N","N","","",""
229,"マスタ管理システム","社マスタ履歴","SHA_HIST",17,"作成日時","CRT_DATE","TIMESTAMP/DATE"," "," ","N","N","","",""
230,"マスタ管理システム","社マスタ履歴","SHA_HIST",18,"作成ユーザID","CRT_USR_ID","VARCHAR","20"," ","N","N","","",""
231,"マスタ管理システム","社マスタ履歴","SHA_HIST",19,"更新日時","UPD_DATE","TIMESTAMP/DATE"," "," ","N","N","","",""
232,"マスタ管理システム","社マスタ履歴","SHA_HIST",20,"更新ユーザID","UPD_USR_ID","VARCHAR","20"," ","N","N","","",""
233,"マスタ管理システム","社マスタ履歴","SHA_HIST",21,"削除フラグ","DEL_FLG","VARCHAR","1"," ","N","N","","",""
234,"マスタ管理システム","社マスタ履歴","SHA_HIST",22,"削除日時","DEL_DATE","TIMESTAMP/DATE"," "," ","Y","N","","",""
235,"マスタ管理システム","社マスタ履歴","SHA_HIST",23,"削除ユーザID","DEL_USR_ID","VARCHAR","20"," ","Y","N","","",""
236,"マスタ管理システム","媒体コード講座チェック","BAITAI_CD_COURSE_CHK",1,"媒体コード","BAITAI_CD","VARCHAR","10"," ","N","Y","1","",""
237,"マスタ管理システム","媒体コード講座チェック","BAITAI_CD_COURSE_CHK",2,"講座3桁コード","COURSE_03_KETA_CD","VARCHAR","3"," ","N","Y","2","",""
238,"マスタ管理システム","媒体コード講座チェック","BAITAI_CD_COURSE_CHK",3,"作成日時","CRT_DATE","TIMESTAMP/DATE"," "," ","N","N","","",""
239,"マスタ管理システム","媒体コード講座チェック","BAITAI_CD_COURSE_CHK",4,"更新日時","UPD_DATE","TIMESTAMP/DATE"," "," ","N","N","","",""
240,"マスタ管理システム","媒体コード講座チェック","BAITAI_CD_COURSE_CHK",5,"更新ユーザID","UPD_USR_ID","VARCHAR","20"," ","N","N","","",""
241,"マスタ管理システム","媒体コード講座チェック","BAITAI_CD_COURSE_CHK",6,"削除フラグ","DEL_FLG","VARCHAR","1"," ","N","N","","",""
242,"マスタ管理システム","媒体コード講座チェック","BAITAI_CD_COURSE_CHK",7,"削除日時","DEL_DATE","TIMESTAMP/DATE"," "," ","Y","N","","",""
243,"マスタ管理システム","媒体コード講座チェック","BAITAI_CD_COURSE_CHK",8,"削除ユーザID","DEL_USR_ID","VARCHAR","20"," ","Y","N","","",""
244,"マスタ管理システム","媒体ジャンルマスタ","BAITAI_GENRE_MASTER",1,"媒体ジャンルコード","BAITAI_GENRE_CD","VARCHAR","1"," ","N","Y","1","",""
245,"マスタ管理システム","媒体ジャンルマスタ","BAITAI_GENRE_MASTER",2,"媒体ジャンル名","BAITAI_GENRE_NM","VARCHAR","30"," ","N","N","","",""
246,"マスタ管理システム","媒体ジャンルマスタ","BAITAI_GENRE_MASTER",3,"作成日時","CRT_DATE","TIMESTAMP/DATE"," "," ","N","N","","",""
247,"マスタ管理システム","媒体ジャンルマスタ","BAITAI_GENRE_MASTER",4,"作成ユーザID","CRT_USR_ID","VARCHAR","20"," ","N","N","","",""
248,"マスタ管理システム","媒体ジャンルマスタ","BAITAI_GENRE_MASTER",5,"更新日時","UPD_DATE","TIMESTAMP/DATE"," "," ","N","N","","",""
249,"マスタ管理システム","媒体ジャンルマスタ","BAITAI_GENRE_MASTER",6,"更新ユーザID","UPD_USR_ID","VARCHAR","20"," ","N","N","","",""
250,"マスタ管理システム","媒体ジャンルマスタ","BAITAI_GENRE_MASTER",7,"削除フラグ","DEL_FLG","VARCHAR","1"," ","N","N","","",""
251,"マスタ管理システム","媒体ジャンルマスタ","BAITAI_GENRE_MASTER",8,"削除日時","DEL_DATE","TIMESTAMP/DATE"," "," ","Y","N","","",""
252,"マスタ管理システム","媒体ジャンルマスタ","BAITAI_GENRE_MASTER",9,"削除ユーザID","DEL_USR_ID","VARCHAR","20"," ","Y","N","","",""
253,"マスタ管理システム","媒体ジャンルマスタ履歴","BAITAI_GENRE_HIST",1,"更新日時キー","UPD_DATE_KEY","TIMESTAMP/DATE"," "," ","N","Y","1","",""
254,"マスタ管理システム","媒体ジャンルマスタ履歴","BAITAI_GENRE_HIST",2,"媒体ジャンルコード","BAITAI_GENRE_CD","VARCHAR","1"," ","N","Y","2","",""
255,"マスタ管理システム","媒体ジャンルマスタ履歴","BAITAI_GENRE_HIST",3,"媒体ジャンル名","BAITAI_GENRE_NM","VARCHAR","30"," ","N","N","","",""
256,"マスタ管理システム","媒体ジャンルマスタ履歴","BAITAI_GENRE_HIST",4,"登録区分","REG_DIV","VARCHAR","1"," ","N","N","","",""
257,"マスタ管理システム","媒体ジャンルマスタ履歴","BAITAI_GENRE_HIST",5,"作成日時","CRT_DATE","TIMESTAMP/DATE"," "," ","N","N","","",""
258,"マスタ管理システム","媒体ジャンルマスタ履歴","BAITAI_GENRE_HIST",6,"作成ユーザID","CRT_USR_ID","VARCHAR","20"," ","N","N","","",""
259,"マスタ管理システム","媒体ジャンルマスタ履歴","BAITAI_GENRE_HIST",7,"更新日時","UPD_DATE","TIMESTAMP/DATE"," "," ","N","N","","",""
260,"マスタ管理システム","媒体ジャンルマスタ履歴","BAITAI_GENRE_HIST",8,"更新ユーザID","UPD_USR_ID","VARCHAR","20"," ","N","N","","",""
261,"マスタ管理システム","媒体ジャンルマスタ履歴","BAITAI_GENRE_HIST",9,"削除フラグ","DEL_FLG","VARCHAR","1"," ","N","N","","",""
262,"マスタ管理システム","媒体ジャンルマスタ履歴","BAITAI_GENRE_HIST",10,"削除日時","DEL_DATE","TIMESTAMP/DATE"," "," ","Y","N","","",""
263,"マスタ管理システム","媒体ジャンルマスタ履歴","BAITAI_GENRE_HIST",11,"削除ユーザID","DEL_USR_ID","VARCHAR","20"," ","Y","N","","",""
264,"マスタ管理システム","媒体ジャンル区分マスタ","BAITAI_GENRE_DIV_MASTER",1,"媒体ジャンル区分","BAITAI_GENRE_DIV","VARCHAR","2"," ","N","Y","1","",""
265,"マスタ管理システム","媒体ジャンル区分マスタ","BAITAI_GENRE_DIV_MASTER",2,"媒体ジャンル区分名","BAITAI_GENRE_DIV_NM","VARCHAR","30"," ","N","N","","",""
266,"マスタ管理システム","媒体ジャンル区分マスタ","BAITAI_GENRE_DIV_MASTER",3,"媒体中間成績追加入力対象","CHUKAN_SEISEKI_TSUIKA_TAISHO","VARCHAR","1"," ","N","N","","",""
267,"マスタ管理システム","媒体ジャンル区分マスタ","BAITAI_GENRE_DIV_MASTER",4,"連合予算入力対象","RENGO_YOSAN_NYURYOKU_TAISHO","VARCHAR","1"," ","N","N","","",""
268,"マスタ管理システム","媒体ジャンル区分マスタ","BAITAI_GENRE_DIV_MASTER",5,"表示順","DISP_ORDER","NUMERIC","3","0","Y","N","","",""
269,"マスタ管理システム","媒体ジャンル区分マスタ","BAITAI_GENRE_DIV_MASTER",6,"作成日時","CRT_DATE","TIMESTAMP/DATE"," "," ","N","N","","",""
270,"マスタ管理システム","媒体ジャンル区分マスタ","BAITAI_GENRE_DIV_MASTER",7,"作成ユーザID","CRT_USR_ID","VARCHAR","20"," ","N","N","","",""
271,"マスタ管理システム","媒体ジャンル区分マスタ","BAITAI_GENRE_DIV_MASTER",8,"更新日時","UPD_DATE","TIMESTAMP/DATE"," "," ","N","N","","",""
272,"マスタ管理システム","媒体ジャンル区分マスタ","BAITAI_GENRE_DIV_MASTER",9,"更新ユーザID","UPD_USR_ID","VARCHAR","20"," ","N","N","","",""
273,"マスタ管理システム","媒体ジャンル区分マスタ","BAITAI_GENRE_DIV_MASTER",10,"削除フラグ","DEL_FLG","VARCHAR","1"," ","N","N","","",""
274,"マスタ管理システム","媒体ジャンル区分マスタ","BAITAI_GENRE_DIV_MASTER",11,"削除日時","DEL_DATE","TIMESTAMP/DATE"," "," ","Y","N","","",""
275,"マスタ管理システム","媒体ジャンル区分マスタ","BAITAI_GENRE_DIV_MASTER",12,"削除ユーザID","DEL_USR_ID","VARCHAR","20"," ","Y","N","","",""
276,"マスタ管理システム","媒体ジャンル区分マスタ履歴","BAITAI_GENRE_DIV_HIST",1,"更新日時キー","UPD_DATE_KEY","TIMESTAMP/DATE"," "," ","N","Y","1","",""
277,"マスタ管理システム","媒体ジャンル区分マスタ履歴","BAITAI_GENRE_DIV_HIST",2,"媒体ジャンル区分","BAITAI_GENRE_DIV","VARCHAR","2"," ","N","Y","2","",""
278,"マスタ管理システム","媒体ジャンル区分マスタ履歴","BAITAI_GENRE_DIV_HIST",3,"媒体ジャンル区分名","BAITAI_GENRE_DIV_NM","VARCHAR","30"," ","N","N","","",""
279,"マスタ管理システム","媒体ジャンル区分マスタ履歴","BAITAI_GENRE_DIV_HIST",4,"媒体中間成績追加入力対象","CHUKAN_SEISEKI_TSUIKA_TAISHO","VARCHAR","1"," ","N","N","","",""
280,"マスタ管理システム","媒体ジャンル区分マスタ履歴","BAITAI_GENRE_DIV_HIST",5,"連合予算入力対象","RENGO_YOSAN_NYURYOKU_TAISHO","VARCHAR","1"," ","N","N","","",""
281,"マスタ管理システム","媒体ジャンル区分マスタ履歴","BAITAI_GENRE_DIV_HIST",6,"表示順","DISP_ORDER","NUMERIC","3","0","Y","N","","",""
282,"マスタ管理システム","媒体ジャンル区分マスタ履歴","BAITAI_GENRE_DIV_HIST",7,"登録区分","REG_DIV","VARCHAR","1"," ","N","N","","",""
283,"マスタ管理システム","媒体ジャンル区分マスタ履歴","BAITAI_GENRE_DIV_HIST",8,"作成日時","CRT_DATE","TIMESTAMP/DATE"," "," ","N","N","","",""
284,"マスタ管理システム","媒体ジャンル区分マスタ履歴","BAITAI_GENRE_DIV_HIST",9,"作成ユーザID","CRT_USR_ID","VARCHAR","20"," ","N","N","","",""
285,"マスタ管理システム","媒体ジャンル区分マスタ履歴","BAITAI_GENRE_DIV_HIST",10,"更新日時","UPD_DATE","TIMESTAMP/DATE"," "," ","N","N","","",""
286,"マスタ管理システム","媒体ジャンル区分マスタ履歴","BAITAI_GENRE_DIV_HIST",11,"更新ユーザID","UPD_USR_ID","VARCHAR","20"," ","N","N","","",""
287,"マスタ管理システム","媒体ジャンル区分マスタ履歴","BAITAI_GENRE_DIV_HIST",12,"削除フラグ","DEL_FLG","VARCHAR","1"," ","N","N","","",""
288,"マスタ管理システム","媒体ジャンル区分マスタ履歴","BAITAI_GENRE_DIV_HIST",13,"削除日時","DEL_DATE","TIMESTAMP/DATE"," "," ","Y","N","","",""
289,"マスタ管理システム","媒体ジャンル区分マスタ履歴","BAITAI_GENRE_DIV_HIST",14,"削除ユーザID","DEL_USR_ID","VARCHAR","20"," ","Y","N","","",""
290,"マスタ管理システム","媒体特記","BAITAI_TOKKI",1,"媒体コード","BAITAI_CD","VARCHAR","10"," ","N","Y","1","",""
291,"マスタ管理システム","媒体特記","BAITAI_TOKKI",2,"講座商品コード","COURSE_SHOHIN_CD","VARCHAR","5"," ","N","Y","2","",""
292,"マスタ管理システム","媒体特記","BAITAI_TOKKI",3,"リスト2桁コード","LIST_02_KETA_CD","VARCHAR","2"," ","Y","N","","",""
293,"マスタ管理システム","媒体特記","BAITAI_TOKKI",4,"作成日時","CRT_DATE","TIMESTAMP/DATE"," "," ","N","N","","",""
294,"マスタ管理システム","媒体特記","BAITAI_TOKKI",5,"作成ユーザID","CRT_USR_ID","VARCHAR","20"," ","N","N","","",""
295,"マスタ管理システム","媒体特記","BAITAI_TOKKI",6,"更新日時","UPD_DATE","TIMESTAMP/DATE"," "," ","N","N","","",""
296,"マスタ管理システム","媒体特記","BAITAI_TOKKI",7,"更新ユーザID","UPD_USR_ID","VARCHAR","20"," ","N","N","","",""
297,"マスタ管理システム","媒体特記","BAITAI_TOKKI",8,"削除フラグ","DEL_FLG","VARCHAR","1"," ","N","N","","",""
298,"マスタ管理システム","媒体特記","BAITAI_TOKKI",9,"削除日時","DEL_DATE","TIMESTAMP/DATE"," "," ","Y","N","","",""
299,"マスタ管理システム","媒体特記","BAITAI_TOKKI",10,"削除ユーザID","DEL_USR_ID","VARCHAR","20"," ","Y","N","","",""
300,"マスタ管理システム","媒体表マスタ","BAITAIHYO_MASTER",1,"媒体コード","BAITAI_CD","VARCHAR","10"," ","N","Y","1","",""
301,"マスタ管理システム","媒体表マスタ","BAITAIHYO_MASTER",2,"媒体ジャンルコード","BAITAI_GENRE_CD","VARCHAR","1"," ","N","N","","",""
302,"マスタ管理システム","媒体表マスタ","BAITAIHYO_MASTER",3,"媒体名コード","BAITAI_NM_CD","VARCHAR","4"," ","N","N","","",""
303,"マスタ管理システム","媒体表マスタ","BAITAIHYO_MASTER",4,"連合単独区分","RENGO_TANDOKU_DIV","VARCHAR","1"," ","N","N","","",""
304,"マスタ管理システム","媒体表マスタ","BAITAIHYO_MASTER",5,"社コード","CMPNY_CD","VARCHAR","1"," ","N","N","","",""
305,"マスタ管理システム","媒体表マスタ","BAITAIHYO_MASTER",6,"年月（媒体）","YM_BAITAI","DATE"," "," ","N","N","","",""
306,"マスタ管理システム","媒体表マスタ","BAITAIHYO_MASTER",7,"通番（媒体）","TSUBAN_BAITAI","VARCHAR","2"," ","N","N","","",""
307,"マスタ管理システム","媒体表マスタ","BAITAIHYO_MASTER",8,"媒体名","BAITAI_NM","VARCHAR","30"," ","Y","N","","",""
308,"マスタ管理システム","媒体表マスタ","BAITAIHYO_MASTER",9,"媒体ジャンル区分","BAITAI_GENRE_DIV","VARCHAR","2"," ","N","N","","",""
309,"マスタ管理システム","媒体表マスタ","BAITAIHYO_MASTER",10,"実掲載日","JITSU_KEISAI_DAY","DATE"," "," ","Y","N","","",""
310,"マスタ管理システム","媒体表マスタ","BAITAIHYO_MASTER",11,"確定日","KAKUTEI_DAY","DATE"," "," ","Y","N","","",""
311,"マスタ管理システム","媒体表マスタ","BAITAIHYO_MASTER",12,"申込み方法","MOSHIKOMI_HOHO","VARCHAR","4"," ","Y","N","","",""
312,"マスタ管理システム","媒体表マスタ","BAITAIHYO_MASTER",13,"スペース形態","SPACE_KEITAI","VARCHAR","20"," ","Y","N","","",""
313,"マスタ管理システム","媒体表マスタ","BAITAIHYO_MASTER",14,"リスト直入","LIST_CHOKUNYU","VARCHAR","1"," ","Y","N","","",""
314,"マスタ管理システム","媒体表マスタ","BAITAIHYO_MASTER",15,"印刷キー","PRNT_KEY","VARCHAR","20"," ","Y","N","","",""
315,"マスタ管理システム","媒体表マスタ","BAITAIHYO_MASTER",16,"ギフトコード","GIFT_CD","VARCHAR","3"," ","Y","N","","",""
316,"マスタ管理システム","媒体表マスタ","BAITAIHYO_MASTER",17,"発送区分","HASSO_DIV","VARCHAR","1"," ","Y","N","","",""
317,"マスタ管理システム","媒体表マスタ","BAITAIHYO_MASTER",18,"原稿キー","GENKO_KEY","VARCHAR","4"," ","Y","N","","",""
318,"マスタ管理システム","媒体表マスタ","BAITAIHYO_MASTER",19,"代理店","DAIRITEN","VARCHAR","4"," ","Y","N","","",""
319,"マスタ管理システム","媒体表マスタ","BAITAIHYO_MASTER",20,"属性","ZOKUSEI","VARCHAR","4"," ","Y","N","","",""
320,"マスタ管理システム","媒体表マスタ","BAITAIHYO_MASTER",21,"掲載本紙","KEISAI_HONSHI","NUMERIC","10","0","Y","N","","",""
321,"マスタ管理システム","媒体表マスタ","BAITAIHYO_MASTER",22,"掲載ハガキ","KEISAI_HAGAKI","NUMERIC","10","0","Y","N","","",""
322,"マスタ管理システム","媒体表マスタ","BAITAIHYO_MASTER",23,"掲載表","KEISAI_OMOTE","NUMERIC","10","0","Y","N","","",""
323,"マスタ管理システム","媒体表マスタ","BAITAIHYO_MASTER",24,"掲載裏","KEISAI_URA","NUMERIC","10","0","Y","N","","",""
324,"マスタ管理システム","媒体表マスタ","BAITAIHYO_MASTER",25,"特値","TOKUNE","VARCHAR","4"," ","Y","N","","",""
325,"マスタ管理システム","媒体表マスタ","BAITAIHYO_MASTER",26,"同業者同載","DOGYOSHA_DOSAI","VARCHAR","4"," ","Y","N","","",""
326,"マスタ管理システム","媒体表マスタ","BAITAIHYO_MASTER",27,"地域","CHIIKI","VARCHAR","4"," ","Y","N","","",""
327,"マスタ管理システム","媒体表マスタ","BAITAIHYO_MASTER",28,"段数","DANSU","NUMERIC","14","3","Y","N","","",""
328,"マスタ管理システム","媒体表マスタ","BAITAIHYO_MASTER",29,"掲載面","KEISAI_MEN","VARCHAR","4"," ","Y","N","","",""
329,"マスタ管理システム","媒体表マスタ","BAITAIHYO_MASTER",30,"部数","BUSU","NUMERIC","10","0","Y","N","","",""
330,"マスタ管理システム","媒体表マスタ","BAITAIHYO_MASTER",31,"配布数","HAIFU_AMT","NUMERIC","10","0","Y","N","","",""
331,"マスタ管理システム","媒体表マスタ","BAITAIHYO_MASTER",32,"刷り色","SURIIRO","VARCHAR","4"," ","Y","N","","",""
332,"マスタ管理システム","媒体表マスタ","BAITAIHYO_MASTER",33,"曜日","YOUBI","VARCHAR","2"," ","Y","N","","",""
333,"マスタ管理システム","媒体表マスタ","BAITAIHYO_MASTER",34,"テスト項目","TEST_KOMOKU","VARCHAR","20"," ","Y","N","","",""
334,"マスタ管理システム","媒体表マスタ","BAITAIHYO_MASTER",35,"テスト本番","TEST_HONBAN","VARCHAR","4"," ","Y","N","","",""
335,"マスタ管理システム","媒体表マスタ","BAITAIHYO_MASTER",36,"折込み媒体名","ORIKOMI_BAITAI_NM","VARCHAR","4"," ","Y","N","","",""
336,"マスタ管理システム","媒体表マスタ","BAITAIHYO_MASTER",37,"販売店グループ","HANBAITEN_GROUP","VARCHAR","4"," ","Y","N","","",""
337,"マスタ管理システム","媒体表マスタ","BAITAIHYO_MASTER",38,"指定モデルカーブ","SHITEI_MODEL_CURVE","VARCHAR","4"," ","N","N","","",""
338,"マスタ管理システム","媒体表マスタ","BAITAIHYO_MASTER",39,"配布料","HAIFU_RYO","NUMERIC","10","0","Y","N","","",""
339,"マスタ管理システム","媒体表マスタ","BAITAIHYO_MASTER",40,"印刷代","PRNT_DAI","NUMERIC","14","2","Y","N","","",""
340,"マスタ管理システム","媒体表マスタ","BAITAIHYO_MASTER",41,"チラシ単価","CHIRASHI_TANKA","NUMERIC","10","0","Y","N","","",""
341,"マスタ管理システム","媒体表マスタ","BAITAIHYO_MASTER",42,"特記事項","TOKKI_JIKOU","VARCHAR","30"," ","Y","N","","",""
342,"マスタ管理システム","媒体表マスタ","BAITAIHYO_MASTER",43,"確定フラグ","KAKUTEI_FLG","VARCHAR","1"," ","N","N","","",""
343,"マスタ管理システム","媒体表マスタ","BAITAIHYO_MASTER",44,"ギフト区分","GIFT_DIV","VARCHAR","1"," ","N","N","","",""
344,"マスタ管理システム","媒体表マスタ","BAITAIHYO_MASTER",45,"親媒体コード下2桁","OYA_BAITAI_CD_SHITA_2_KETA","VARCHAR","2"," ","Y","N","","",""
345,"マスタ管理システム","媒体表マスタ","BAITAIHYO_MASTER",46,"掲載終了日（媒体）","KEISAI_END_DAY_BAITAI","DATE"," "," ","Y","N","","",""
346,"マスタ管理システム","媒体表マスタ","BAITAIHYO_MASTER",47,"GRP","GRP","VARCHAR","6"," ","N","N","","",""
347,"マスタ管理システム","媒体表マスタ","BAITAIHYO_MASTER",48,"申込み期限","MOSHIKOMI_KIGEN","DATE"," "," ","Y","N","","",""
348,"マスタ管理システム","媒体表マスタ","BAITAIHYO_MASTER",49,"郵便申込ギフト切替日","YUBIN_GIFT_KIRIKAE_DAY","DATE"," "," ","Y","N","","",""
349,"マスタ管理システム","媒体表マスタ","BAITAIHYO_MASTER",50,"切替ギフトコード","KIRIKAE_GIFT_CD","VARCHAR","3"," ","Y","N","","",""
350,"マスタ管理システム","媒体表マスタ","BAITAIHYO_MASTER",51,"サブジャンルコード","SUBGENRE_CD","VARCHAR","3"," ","Y","N","","",""
351,"マスタ管理システム","媒体表マスタ","BAITAIHYO_MASTER",52,"作成日時","CRT_DATE","TIMESTAMP/DATE"," "," ","N","N","","",""
352,"マスタ管理システム","媒体表マスタ","BAITAIHYO_MASTER",53,"作成ユーザID","CRT_USR_ID","VARCHAR","20"," ","N","N","","",""
353,"マスタ管理システム","媒体表マスタ","BAITAIHYO_MASTER",54,"更新日時","UPD_DATE","TIMESTAMP/DATE"," "," ","N","N","","",""
354,"マスタ管理システム","媒体表マスタ","BAITAIHYO_MASTER",55,"更新ユーザID","UPD_USR_ID","VARCHAR","20"," ","N","N","","",""
355,"マスタ管理システム","媒体表マスタ","BAITAIHYO_MASTER",56,"削除フラグ","DEL_FLG","VARCHAR","1"," ","N","N","","",""
356,"マスタ管理システム","媒体表マスタ","BAITAIHYO_MASTER",57,"削除日時","DEL_DATE","TIMESTAMP/DATE"," "," ","Y","N","","",""
357,"マスタ管理システム","媒体表マスタ","BAITAIHYO_MASTER",58,"削除ユーザID","DEL_USR_ID","VARCHAR","20"," ","Y","N","","",""
358,"マスタ管理システム","媒体表明細","BAITAIHYO_MEISAI",1,"媒体コード","BAITAI_CD","VARCHAR","10"," ","N","Y","1,FK","",""
359,"マスタ管理システム","媒体表明細","BAITAIHYO_MEISAI",2,"講座商品コード","COURSE_SHOHIN_CD","VARCHAR","5"," ","N","Y","2","",""
360,"マスタ管理システム","媒体表明細","BAITAIHYO_MEISAI",3,"媒体費","BAITAI_HI","NUMERIC","14","2","Y","N","","",""
361,"マスタ管理システム","媒体表明細","BAITAIHYO_MEISAI",4,"レギュラーDM単価","REGULAR_DM_TANKA","NUMERIC","14","2","Y","N","","",""
362,"マスタ管理システム","媒体表明細","BAITAIHYO_MEISAI",5,"入金売価","NYUKIN_BAIKA","NUMERIC","14","2","Y","N","","",""
363,"マスタ管理システム","媒体表明細","BAITAIHYO_MEISAI",6,"仕入単価","SHIIRE_TANKA","NUMERIC","14","2","Y","N","","",""
364,"マスタ管理システム","媒体表明細","BAITAIHYO_MEISAI",7,"ギフト単価","GIFT_TANKA","NUMERIC","14","2","Y","N","","",""
365,"マスタ管理システム","媒体表明細","BAITAIHYO_MEISAI",8,"掲載状況","KEISAI_STS","VARCHAR","1"," ","Y","N","","",""
366,"マスタ管理システム","媒体表明細","BAITAIHYO_MEISAI",9,"ギフトコード1","GIFT_CD_01","VARCHAR","3"," ","Y","N","","",""
367,"マスタ管理システム","媒体表明細","BAITAIHYO_MEISAI",10,"ギフトコード2","GIFT_CD_02","VARCHAR","3"," ","Y","N","","",""
368,"マスタ管理システム","媒体表明細","BAITAIHYO_MEISAI",11,"ギフトコード3","GIFT_CD_03","VARCHAR","3"," ","Y","N","","",""
369,"マスタ管理システム","媒体表明細","BAITAIHYO_MEISAI",12,"一般媒体費","IPPAN_BAITAI_HI","NUMERIC","10","0","Y","N","","",""
370,"マスタ管理システム","媒体表明細","BAITAIHYO_MEISAI",13,"CM媒体費","CM_BAITAI_HI","NUMERIC","10","0","Y","N","","",""
371,"マスタ管理システム","媒体表明細","BAITAIHYO_MEISAI",14,"作成日時","CRT_DATE","TIMESTAMP/DATE"," "," ","N","N","","",""
372,"マスタ管理システム","媒体表明細","BAITAIHYO_MEISAI",15,"作成ユーザID","CRT_USR_ID","VARCHAR","20"," ","N","N","","",""
373,"マスタ管理システム","媒体表明細","BAITAIHYO_MEISAI",16,"更新日時","UPD_DATE","TIMESTAMP/DATE"," "," ","N","N","","",""
374,"マスタ管理システム","媒体表明細","BAITAIHYO_MEISAI",17,"更新ユーザID","UPD_USR_ID","VARCHAR","20"," ","N","N","","",""
375,"マスタ管理システム","媒体表明細","BAITAIHYO_MEISAI",18,"削除フラグ","DEL_FLG","VARCHAR","1"," ","N","N","","",""
376,"マスタ管理システム","媒体表明細","BAITAIHYO_MEISAI",19,"削除日時","DEL_DATE","TIMESTAMP/DATE"," "," ","Y","N","","",""
377,"マスタ管理システム","媒体表明細","BAITAIHYO_MEISAI",20,"削除ユーザID","DEL_USR_ID","VARCHAR","20"," ","Y","N","","",""
378,"マスタ管理システム","媒体名マスタ","BAITAI_NM_MASTER",1,"媒体名コード","BAITAI_NM_CD","VARCHAR","4"," ","N","Y","1","",""
379,"マスタ管理システム","媒体名マスタ","BAITAI_NM_MASTER",2,"媒体ジャンルコード","BAITAI_GENRE_CD","VARCHAR","1"," ","N","N","","",""
380,"マスタ管理システム","媒体名マスタ","BAITAI_NM_MASTER",3,"媒体名","BAITAI_NM","VARCHAR","30"," ","N","N","","",""
381,"マスタ管理システム","媒体名マスタ","BAITAI_NM_MASTER",4,"不明・期限切れ","FUMEI_KIGEN_KIRE","VARCHAR","1"," ","Y","N","","",""
382,"マスタ管理システム","媒体名マスタ","BAITAI_NM_MASTER",5,"サブジャンルコード","SUBGENRE_CD","VARCHAR","3"," ","Y","N","","",""
383,"マスタ管理システム","媒体名マスタ","BAITAI_NM_MASTER",6,"媒体コード下2桁","BAITAI_CD_SHITA_2_KETA","VARCHAR","2"," ","Y","N","","",""
384,"マスタ管理システム","媒体名マスタ","BAITAI_NM_MASTER",7,"媒体ジャンル区分","BAITAI_GENRE_DIV","VARCHAR","2"," ","Y","N","","",""
385,"マスタ管理システム","媒体名マスタ","BAITAI_NM_MASTER",8,"作成日時","CRT_DATE","TIMESTAMP/DATE"," "," ","N","N","","",""
386,"マスタ管理システム","媒体名マスタ","BAITAI_NM_MASTER",9,"作成ユーザID","CRT_USR_ID","VARCHAR","20"," ","N","N","","",""
387,"マスタ管理システム","媒体名マスタ","BAITAI_NM_MASTER",10,"更新日時","UPD_DATE","TIMESTAMP/DATE"," "," ","N","N","","",""
388,"マスタ管理システム","媒体名マスタ","BAITAI_NM_MASTER",11,"更新ユーザID","UPD_USR_ID","VARCHAR","20"," ","N","N","","",""
389,"マスタ管理システム","媒体名マスタ","BAITAI_NM_MASTER",12,"削除フラグ","DEL_FLG","VARCHAR","1"," ","N","N","","",""
390,"マスタ管理システム","媒体名マスタ","BAITAI_NM_MASTER",13,"削除日時","DEL_DATE","TIMESTAMP/DATE"," "," ","Y","N","","",""
391,"マスタ管理システム","媒体名マスタ","BAITAI_NM_MASTER",14,"削除ユーザID","DEL_USR_ID","VARCHAR","20"," ","Y","N","","",""
392,"マスタ管理システム","媒体名マスタ履歴","BAITAI_NM_HIST",1,"更新日時キー","UPD_DATE_KEY","TIMESTAMP/DATE"," "," ","N","Y","1","",""
393,"マスタ管理システム","媒体名マスタ履歴","BAITAI_NM_HIST",2,"媒体名コード","BAITAI_NM_CD","VARCHAR","4"," ","N","Y","2","",""
394,"マスタ管理システム","媒体名マスタ履歴","BAITAI_NM_HIST",3,"媒体ジャンルコード","BAITAI_GENRE_CD","VARCHAR","1"," ","N","N","","",""
395,"マスタ管理システム","媒体名マスタ履歴","BAITAI_NM_HIST",4,"媒体名","BAITAI_NM","VARCHAR","30"," ","N","N","","",""
396,"マスタ管理システム","媒体名マスタ履歴","BAITAI_NM_HIST",5,"不明・期限切れ","FUMEI_KIGEN_KIRE","VARCHAR","1"," ","Y","N","","",""
397,"マスタ管理システム","媒体名マスタ履歴","BAITAI_NM_HIST",6,"サブジャンルコード","SUBGENRE_CD","VARCHAR","3"," ","Y","N","","",""
398,"マスタ管理システム","媒体名マスタ履歴","BAITAI_NM_HIST",7,"媒体コード下2桁","BAITAI_CD_SHITA_2_KETA","VARCHAR","2"," ","Y","N","","",""
399,"マスタ管理システム","媒体名マスタ履歴","BAITAI_NM_HIST",8,"媒体ジャンル区分","BAITAI_GENRE_DIV","VARCHAR","2"," ","Y","N","","",""
400,"マスタ管理システム","媒体名マスタ履歴","BAITAI_NM_HIST",9,"登録区分","REG_DIV","VARCHAR","1"," ","Y","N","","",""
401,"マスタ管理システム","媒体名マスタ履歴","BAITAI_NM_HIST",10,"作成日時","CRT_DATE","TIMESTAMP/DATE"," "," ","N","N","","",""
402,"マスタ管理システム","媒体名マスタ履歴","BAITAI_NM_HIST",11,"作成ユーザID","CRT_USR_ID","VARCHAR","20"," ","N","N","","",""
403,"マスタ管理システム","媒体名マスタ履歴","BAITAI_NM_HIST",12,"更新日時","UPD_DATE","TIMESTAMP/DATE"," "," ","N","N","","",""
404,"マスタ管理システム","媒体名マスタ履歴","BAITAI_NM_HIST",13,"更新ユーザID","UPD_USR_ID","VARCHAR","20"," ","N","N","","",""
405,"マスタ管理システム","媒体名マスタ履歴","BAITAI_NM_HIST",14,"削除フラグ","DEL_FLG","VARCHAR","1"," ","N","N","","",""
406,"マスタ管理システム","媒体名マスタ履歴","BAITAI_NM_HIST",15,"削除日時","DEL_DATE","TIMESTAMP/DATE"," "," ","Y","N","","",""
407,"マスタ管理システム","媒体名マスタ履歴","BAITAI_NM_HIST",16,"削除ユーザID","DEL_USR_ID","VARCHAR","20"," ","Y","N","","",""
408,"マスタ管理システム","部門マスタ","BUMON_MASTER",1,"部門コード","BUMON_CD","VARCHAR","1"," ","N","Y","1","",""
409,"マスタ管理システム","部門マスタ","BUMON_MASTER",2,"部門名","BUMON_NM","VARCHAR","30"," ","N","N","","",""
410,"マスタ管理システム","部門マスタ","BUMON_MASTER",3,"作成日時","CRT_DATE","TIMESTAMP/DATE"," "," ","N","N","","",""
411,"マスタ管理システム","部門マスタ","BUMON_MASTER",4,"作成ユーザID","CRT_USR_ID","VARCHAR","20"," ","N","N","","",""
412,"マスタ管理システム","部門マスタ","BUMON_MASTER",5,"更新日時","UPD_DATE","TIMESTAMP/DATE"," "," ","N","N","","",""
413,"マスタ管理システム","部門マスタ","BUMON_MASTER",6,"更新ユーザID","UPD_USR_ID","VARCHAR","20"," ","N","N","","",""
414,"マスタ管理システム","部門マスタ","BUMON_MASTER",7,"削除フラグ","DEL_FLG","VARCHAR","1"," ","N","N","","",""
415,"マスタ管理システム","部門マスタ","BUMON_MASTER",8,"削除日時","DEL_DATE","TIMESTAMP/DATE"," "," ","Y","N","","",""
416,"マスタ管理システム","部門マスタ","BUMON_MASTER",9,"削除ユーザID","DEL_USR_ID","VARCHAR","20"," ","Y","N","","",""
417,"マスタ管理システム","部門マスタ履歴","BUMON_HIST",1,"更新日時キー","UPD_DATE_KEY","TIMESTAMP/DATE"," "," ","N","Y","1","",""
418,"マスタ管理システム","部門マスタ履歴","BUMON_HIST",2,"部門コード","BUMON_CD","VARCHAR","1"," ","N","Y","2","",""
419,"マスタ管理システム","部門マスタ履歴","BUMON_HIST",3,"部門名","BUMON_NM","VARCHAR","30"," ","N","N","","",""
420,"マスタ管理システム","部門マスタ履歴","BUMON_HIST",4,"登録区分","REG_DIV","VARCHAR","1"," ","Y","N","","",""
421,"マスタ管理システム","部門マスタ履歴","BUMON_HIST",5,"作成日時","CRT_DATE","TIMESTAMP/DATE"," "," ","N","N","","",""
422,"マスタ管理システム","部門マスタ履歴","BUMON_HIST",6,"作成ユーザID","CRT_USR_ID","VARCHAR","20"," ","N","N","","",""
423,"マスタ管理システム","部門マスタ履歴","BUMON_HIST",7,"更新日時","UPD_DATE","TIMESTAMP/DATE"," "," ","N","N","","",""
424,"マスタ管理システム","部門マスタ履歴","BUMON_HIST",8,"更新ユーザID","UPD_USR_ID","VARCHAR","20"," ","N","N","","",""
425,"マスタ管理システム","部門マスタ履歴","BUMON_HIST",9,"削除フラグ","DEL_FLG","VARCHAR","1"," ","N","N","","",""
426,"マスタ管理システム","部門マスタ履歴","BUMON_HIST",10,"削除日時","DEL_DATE","TIMESTAMP/DATE"," "," ","Y","N","","",""
427,"マスタ管理システム","部門マスタ履歴","BUMON_HIST",11,"削除ユーザID","DEL_USR_ID","VARCHAR","20"," ","Y","N","","",""
